{
	"id": {
		"id": "76561197976925673"
	},
	"name": "sighnoceros",
	"titleId": 57,
	"score": 224,
	"goals": 0,
	"assists": 0,
	"saves": 1,
	"shots": 3,
	"cameraSettings": {
		"stiffness": 0.4000000059604645,
		"height": 100.0,
		"transitionSpeed": 1.2000000476837158,
		"pitch": -4.0,
		"swivelSpeed": 4.0,
		"fieldOfView": 110.0,
		"distance": 280.0
	},
	"loadout": {
		"banner": 2423,
		"boost": 47,
		"car": 3880,
		"goalExplosion": 3975,
		"skin": 3970,
		"trail": 1948,
		"wheels": 3512,
		"version": 28,
		"topper": 0,
		"antenna": 0,
		"engineAudio": 4117,
		"goalExplosionPaint": 3,
		"primaryColor": 67,
		"accentColor": 58,
		"primaryFinish": 275,
		"accentFinish": 270,
		"avatarBorderUserColor": "-65375"
	},
	"isOrange": 1,
	"stats": {
		"boost": {
			"boostUsage": 1688.274465581419,
			"numSmallBoosts": 51,
			"numLargeBoosts": 16,
			"wastedCollection": 684.6228528841931,
			"wastedUsage": 112.62511306942045,
			"timeFullBoost": 49.21851021796465,
			"timeLowBoost": 72.44348329678178,
			"timeNoBoost": 32.02340980246663,
			"numStolenBoosts": 5,
			"averageBoostLevel": 55.65865687532846,
			"wastedBig": 664.2766700586885,
			"wastedSmall": 20.34618282550452
		},
		"distance": {
			"ballHitForward": 58690.92988204956,
			"ballHitBackward": 4902.7095947265625,
			"timeClosestToBall": 61.2159029096365,
			"timeFurthestFromBall": 50.61098758503795,
			"timeCloseToBall": 21.98493880033493,
			"timeClosestToTeamCenter": 94.64142359793186,
			"timeFurthestFromTeamCenter": 18.149383399635553
		},
		"possession": {
			"possessionTime": 71.6982754021883,
			"turnovers": 6,
			"turnoversOnMyHalf": 3,
			"turnoversOnTheirHalf": 3,
			"wonTurnovers": 11
		},
		"positionalTendencies": {
			"timeOnGround": 184.3884841054678,
			"timeLowInAir": 102.61293148994446,
			"timeHighInAir": 3.4359009005129337,
			"timeInDefendingHalf": 163.339952994138,
			"timeInAttackingHalf": 145.3361892029643,
			"timeInDefendingThird": 109.2533054985106,
			"timeInNeutralThird": 106.88598439842463,
			"timeInAttackingThird": 92.53685230016708,
			"timeBehindBall": 223.0218655988574,
			"timeInFrontBall": 85.6542765982449,
			"timeNearWall": 73.8224611133337,
			"timeInCorner": 0.3871452026069164,
			"timeOnWall": 73.8224611133337
		},
		"averages": {
			"averageSpeed": 13971.336622659179,
			"averageHitDistance": 2676.4448487921,
			"averageDistanceFromCenter": 1955.2880937830464
		},
		"hitCounts": {
			"totalHits": 30,
			"totalPasses": 6,
			"totalSaves": 2,
			"totalShots": 2,
			"totalDribbles": 7,
			"totalDribbleConts": 7,
			"totalAerials": 10,
			"totalClears": 3
		},
		"controller": {
			"isKeyboard": false,
			"analogueSteeringInputPercent": 17.771509167842026,
			"analogueThrottleInputPercent": 28.130387086663532
		},
		"speed": {
			"timeAtSlowSpeed": 38.16542299836874,
			"timeAtSuperSonic": 28.72090868279338,
			"timeAtBoostSpeed": 149.52042489498854
		},
		"relativePositioning": {
			"timeInFrontOfCenterOfMass": 161.79189701005816,
			"timeBehindCenterOfMass": 146.88424518704414,
			"timeMostForwardPlayer": 115.63975839316845,
			"timeMostBackPlayer": 84.5756435059011,
			"timeBetweenPlayers": 108.46074029803276
		},
		"perPossessionStats": {
			"averageCounts": {
				"pass": 0.0,
				"passed": 0.14285714285714285,
				"dribble": 1.0,
				"dribbleContinuation": 1.0,
				"shot": 0.14285714285714285,
				"goal": 0.0,
				"assist": 0.0,
				"assisted": 0.0,
				"save": 0.2857142857142857,
				"aerial": 0.2857142857142857
			},
			"averageDuration": 3.4421277727399553,
			"averageHits": 2.142857142857143,
			"count": 7
		},
		"kickoffStats": {
			"totalKickoffs": 4,
			"numTimeCheat": 1,
			"numTimeDefend": 1,
			"numTimeGoToBall": 2,
			"averageBoostUsed": 66.88689455550204
		}
	},
	"partyLeader": {
		"id": "76561197976925673"
	},
	"isBot": false,
	"timeInGame": 308.6761421971023,
	"firstFrameInGame": 1
}